{
  "timestamp": 1777826768.4049597,
  "quality_signal": 0.5935364752331025,
  "coupling_score": 0.2361290322580645,
  "cycle_count": 3,
  "god_file_count": 2,
  "hotspot_count": 0,
  "complex_fn_count": 63,
  "max_depth": 1,
  "total_import_edges": 2325,
  "cross_module_edges": 1532
}